{"cameraMode":{"drawMode":0,"name":"Shaded","section":"Shading Mode"},"sceneLighting":true,"audioPlay":false,"sceneViewState":{"m_AlwaysRefresh":false,"showFog":true,"showSkybox":true,"showFlares":true,"showImageEffects":true,"showParticleSystems":true,"showVisualEffectGraphs":true,"m_FxEnabled":true},"in2DMode":false,"pivot":{"x":0.32862043380737307,"y":-3.7368087768554689,"z":1.1802607774734498},"rotation":{"x":-0.00285185850225389,"y":-0.9183666706085205,"z":0.3956725299358368,"w":-0.006620182655751705},"size":12.263338088989258,"orthographic":false}